task_2_clarification,task_3_perception_q,task_1_oidx_from_user,task_3_f1,task_2_synonym,incomplete_logfile,task_1_f1,task_2_perception_ex,task_3_perception_ex,task_1_perception_yn,task_1_correct_action,task_2_f1,warning_found_in_logfile,task_2_correct_action,task_1_correct,task_3_clarification,task_2_oidx_from_user,pickle_exists,task_2_perception_yn,task_3_synonym,understood,log_exists,use_navigation,task_1_clarification,object_qs,task_3_str_from_user,task_2_str_from_user,task_3_correct,task_1_synonym,uid,task_2_correct,task_2_perception_q,worker_id,task_1_perception_q,task_3_oidx_from_user,tasks_easy,use_delivery,task_1_enum_from_user,frustrated,task_3_enum_from_user,task_3_correct_action,error_found_in_logfile,task_1_str_from_user,task_3_perception_yn,task_1_perception_ex,task_2_enum_from_user,use_relocation
0,0,0,0.285714285714,0,1,-1,0,3,0,-2,-1,0,-2,-2,7,0,1,0,0,4,1,,0,4,6,0,0,0,5bfe22a2ccd95,-2,0,A3FHPIYGA20PBN,0,3,5,,0,3,1,0,0,0,0,0,0,2
15,0,0,-1,0,1,-1,3,0,0,-2,1.0,0,1,-2,0,3,1,0,0,6,1,,0,1,0,14,-2,0,5bfe115cb4a79,1,0,A3D6ZYZ7D857AM,0,0,5,4,0,1,0,-2,0,0,0,0,1,
0,0,3,-1,0,1,1.0,0,0,0,1,-1,0,-2,1,0,0,1,0,0,5,1,3,2,0,0,0,-2,0,5bfe06fa578c7,-2,0,A1PLMLS3ODMKJL,0,0,6,,0,0,0,-2,0,2,0,3,0,
0,0,3,-1,0,1,0.5,0,0,0,1,-1,0,-2,0,0,0,1,0,0,6,1,6,3,0,0,0,-2,0,5bfe04501aae2,-2,0,A9A2IX3OBORBE,0,0,6,,0,0,0,-2,0,3,0,3,0,
16,0,0,-1,0,1,-1,3,0,0,-2,1.0,0,1,-2,0,3,1,0,0,1,1,,0,1,0,14,-2,0,5bfe02c9ace6a,1,0,A13Q663YKS2A94,0,0,5,4,0,4,0,-2,0,0,0,0,2,
0,0,0,1.0,0,1,-1,0,3,0,-2,-1,0,-2,-2,15,0,1,0,0,2,1,,0,5,13,0,1,0,5bfe00376f9f3,-2,0,A4SIR8L5N0USL,0,3,5,,0,6,2,1,0,0,0,0,0,0
0,0,3,-1,0,1,1.0,0,0,0,1,-1,0,-2,1,0,0,1,0,0,3,1,2,11,2,0,0,-2,0,5bfe0ffe25dcd,-2,0,A1NCSZCN8EA787,0,0,2,,1,4,0,-2,0,10,0,3,0,
0,0,3,-1,0,1,0.5,0,0,0,1,-1,0,-2,0,0,0,1,0,0,3,1,3,8,3,0,0,-2,0,5bfe52243152a,-2,0,A3VLHYQMLNOUL7,0,0,1,,1,1,0,-2,0,7,0,3,0,
0,0,0,1.0,0,1,-1,0,3,0,-2,-1,0,-2,-2,19,0,1,0,0,1,1,,0,6,17,0,1,0,5bfe28c06898a,-2,0,A2PWE9TKEM99BA,0,3,3,,0,6,2,1,0,0,0,0,0,0
10,0,0,-1,0,1,-1,3,0,0,-2,0.666666666667,0,1,-2,0,3,1,0,0,0,1,,0,6,0,10,-2,0,5bfe0092d8d6f,0,0,A39XF45WLMIGX2,0,0,1,1,0,6,0,-2,0,0,0,0,0,
0,0,3,-1,0,1,0.5,0,0,0,1,-1,0,-2,0,0,0,1,0,0,6,1,0,4,0,0,0,-2,0,5bfe01453d285,-2,0,ARB80JPV0HQ5O,0,0,6,,0,4,0,-2,0,4,0,3,0,
0,0,3,-1,0,1,0.5,0,0,0,1,-1,0,-2,0,0,0,1,0,0,0,1,2,7,5,0,0,-2,0,5bfe284e3d623,-2,0,A69RUK0SZV067,0,0,3,,1,2,0,-2,0,6,0,3,0,
0,0,3,-1,0,1,0,0,0,0,0,-1,0,-2,0,0,0,1,0,0,5,1,5,12,5,0,0,-2,0,5bfdfe6534ef8,-2,0,ABQM9FJ6AXPCO,0,0,5,,1,1,0,-2,0,11,0,3,0,
0,0,3,-1,0,1,1.0,0,0,0,1,-1,0,-2,1,0,0,1,0,0,1,1,2,7,4,0,0,-2,0,5bfdfdcdd9573,-2,0,A1MRNA5HYVK8T6,0,0,5,,1,4,0,-2,0,6,0,3,0,
0,0,3,-1,0,1,0.333333333333,0,0,0,0,-1,0,-2,0,0,0,1,0,0,4,1,2,16,3,0,0,-2,0,5bfe03c03d886,-2,0,A1YFVXP4A1CXSF,0,0,3,,3,2,0,-2,0,13,0,3,0,
11,0,0,-1,0,1,-1,3,0,0,-2,1.0,0,1,-2,0,3,1,0,0,3,1,,0,1,0,10,-2,0,5bfdfdbcb701a,1,0,AWVQC0F3IEV78,0,0,5,3,0,1,0,-2,0,0,0,0,1,
0,0,0,0,0,1,-1,0,3,0,-2,-1,0,-2,-2,7,0,1,0,0,6,1,,0,1,7,0,0,0,5bfdfdc198e94,-2,0,A3E3J0HD0G6AB5,0,3,4,,0,4,0,0,0,0,0,0,0,6
0,0,0,0,0,1,-1,0,3,0,-2,-1,0,-2,-2,5,0,1,0,0,4,1,,0,1,4,0,0,0,5bfe00b7888fc,-2,0,AM36K1JYK4SC1,0,3,5,,0,1,1,0,0,0,0,0,0,5
0,0,3,-1,0,1,0.5,0,0,0,1,-1,0,-2,0,0,0,1,0,0,2,1,0,9,4,0,0,-2,0,5bfdff8b1e1e6,-2,0,A31J8SE9WUR7PB,0,0,4,,1,4,0,-2,0,8,0,3,0,
0,0,0,1.0,0,1,-1,0,3,0,-2,-1,0,-2,-2,14,0,1,0,0,1,1,,0,5,12,0,1,0,5bfdfff32a344,-2,0,A3KC385CZNYEG5,0,3,3,,0,6,2,1,0,0,0,0,0,1
0,0,0,1.0,0,1,-1,0,3,0,-2,-1,0,-2,-2,19,0,1,0,0,2,1,,0,0,17,0,1,0,5bfe2256ac2fb,-2,0,A3PLJLUKN3PEA2,0,3,5,,0,4,2,1,0,0,0,0,0,3
0,0,0,0.285714285714,0,1,-1,0,3,0,-2,-1,0,-2,-2,16,0,1,0,0,3,1,,0,1,14,0,0,0,5bfe51224e1d7,-2,0,A1C7XI68SED8JE,0,3,5,,0,1,2,0,0,0,0,0,0,3
7,0,0,-1,0,1,-1,3,0,0,-2,1.0,0,1,-2,0,3,1,0,0,4,1,,0,6,0,7,-2,0,5bfe0207dbdde,1,0,A1KTPYX40PRLVW,0,0,4,3,0,4,0,-2,0,0,0,0,0,
11,0,0,-1,0,1,-1,3,0,0,-2,0.666666666667,0,1,-2,0,3,1,0,0,2,1,,0,4,0,10,-2,0,5bfe00cbc8366,0,0,AKSVQJFDZVSZC,0,0,5,2,0,4,0,-2,0,0,0,0,1,
0,0,0,-1,0,1,-1,0,0,0,-2,-1,0,-2,-2,0,0,0,0,0,0,1,,0,6,0,0,-1,0,5bfe06659c778,-2,0,AYYEQBUPC7IM5,0,0,5,,0,6,0,-1,0,0,0,0,0,0
15,0,0,-1,0,1,-1,3,0,0,-2,1.0,0,1,-2,0,3,1,0,0,1,1,,0,6,0,13,-2,0,5bfdff39d3a0e,1,0,A2YLK83DQ6PA5Y,0,0,1,0,0,5,0,-2,0,0,0,0,2,
0,0,0,0,0,1,-1,0,3,0,-2,-1,0,-2,-2,8,0,1,0,0,0,1,,0,6,7,0,0,0,5bfdfdeb71cd3,-2,0,A1TASDTQP8CFOH,0,3,3,,0,6,1,0,0,0,0,0,0,0
0,0,3,-1,0,1,0.5,0,0,0,1,-1,0,-2,0,0,0,1,0,0,3,1,5,5,5,0,0,-2,0,5bfe04c261705,-2,0,A2G92UQ89C4L6S,0,0,4,,1,4,0,-2,0,4,0,3,0,
0,0,0,-1,0,1,1.0,0,0,0,1,-1,0,-2,1,0,0,1,0,0,0,1,0,7,3,0,0,-2,0,5bfe1aa6e1171,-2,0,A1L3937MY09J3I,0,0,0,,1,6,0,-2,0,6,0,0,0,
14,0,0,-1,0,1,-1,3,0,0,-2,1.0,0,1,-2,0,3,1,0,0,5,1,,0,1,0,13,-2,0,5bfdfde6100c9,1,0,A2712FVN4LS7FC,0,0,5,5,0,1,0,-2,0,0,0,0,1,
18,0,0,-1,0,1,-1,3,0,0,-2,0.285714285714,0,0,-2,0,3,1,0,0,4,1,,0,1,0,15,-2,0,5bfe0a519ca5a,0,0,ARWF605I7RWM7,0,0,3,4,0,3,0,-2,0,0,0,0,3,
0,0,0,0,0,1,-1,0,3,0,-2,-1,0,-2,-2,3,0,1,0,0,4,1,,0,2,3,0,0,0,5bfe07d59716d,-2,0,A3FGT6EU39C6S4,0,3,5,,0,1,0,0,0,0,0,0,0,3
0,0,0,1.0,0,1,-1,0,3,0,-2,-1,0,-2,-2,17,0,1,0,0,4,1,,0,4,15,0,1,0,5bfdfddea57f8,-2,0,A218S9QMWS15U,0,3,3,,0,4,2,1,0,0,0,0,0,3
9,0,0,-1,0,1,-1,3,0,0,-2,1.0,0,1,-2,0,3,1,0,0,5,1,,0,0,0,8,-2,0,5bfe00073e8d1,1,0,A2ZDM6ZDY7BHTX,0,0,6,4,0,0,0,-2,0,0,0,0,1,
0,0,3,-1,0,1,1.0,0,0,0,1,-1,0,-2,1,0,0,1,0,0,4,1,2,4,3,0,0,-2,0,5bfe1f7734c5f,-2,0,AH2SY93UMSL5F,0,0,5,,0,3,0,-2,0,4,0,3,0,
0,0,0,0,0,1,-1,0,0,0,-2,-1,0,-2,-2,6,0,1,0,0,4,1,,0,0,6,0,0,0,5bfdfe1be753d,-2,0,A1C6WBOVHW5N9X,0,0,0,,0,1,0,0,0,0,0,0,0,3
0,0,0,1.0,0,1,-1,0,3,0,-2,-1,0,-2,-2,19,0,1,0,0,0,1,,0,2,16,0,1,0,5bfe11b923712,-2,0,A9RMK59BV7GQL,0,3,0,,0,6,3,1,0,0,0,0,0,1
0,0,0,0.285714285714,0,1,-1,0,3,0,-2,-1,0,-2,-2,13,0,1,0,0,4,1,,0,6,12,0,0,0,5bfdfdc9d2463,-2,0,AG3ISFZMFGDQ9,0,3,4,,0,2,1,0,0,0,0,0,0,5
0,0,0,0,0,1,-1,0,3,0,-2,-1,0,-2,-2,8,0,1,0,0,4,1,,0,3,8,0,0,0,5bfe0c30f1a91,-2,0,A3C5G8LGIAW0XL,0,3,4,,0,3,0,0,0,0,0,0,0,3
0,0,3,-1,0,1,0.333333333333,0,0,0,0,-1,0,-2,0,0,0,1,0,0,1,1,0,19,3,0,0,-2,0,5bfe2918d671a,-2,0,AZBY9DS8VTPUK,0,0,3,,3,6,0,-2,0,16,0,3,0,
0,0,3,-1,0,1,1.0,0,0,0,1,-1,0,-2,1,0,0,1,0,0,4,1,2,4,5,0,0,-2,0,5bfdfface792a,-2,0,A3DFBZOOWRTQ5M,0,0,3,,0,2,0,-2,0,4,0,3,0,
0,0,3,-1,0,1,0.5,0,0,0,1,-1,0,-2,0,0,0,1,0,0,2,1,1,7,4,0,0,-2,0,5bfdfdeebb69c,-2,0,A3A2TB8AGJGPE6,0,0,1,,1,5,0,-2,0,6,0,3,0,
16,0,0,-1,0,1,-1,3,0,0,-2,1.0,0,1,-2,0,3,1,0,0,4,1,,0,2,0,15,-2,0,5bfe19c573cdb,1,0,AD3V6XGQWRD6E,0,0,5,3,0,4,0,-2,0,0,0,0,1,
0,0,3,-1,0,1,1.0,0,0,0,1,-1,0,-2,1,0,0,1,0,0,4,1,2,6,5,0,0,-2,0,5bfe667cc7b0d,-2,0,AJM4334V07JDQ,0,0,4,,0,5,0,-2,0,6,0,3,0,
8,0,0,-1,0,1,-1,3,0,0,-2,1.0,0,1,-2,0,3,1,0,0,4,1,,0,3,0,7,-2,0,5bfdfe203590d,1,0,A24M9OW53CLT94,0,0,4,2,0,4,0,-2,0,0,0,0,1,
0,0,3,-1,0,1,0.5,0,0,0,1,-1,0,-2,0,0,0,1,0,0,5,1,5,4,5,0,0,-2,0,5bfdff9f12ac6,-2,0,A370YU5ZJZCC2F,0,0,5,,0,4,0,-2,0,4,0,3,0,
0,0,3,-1,0,1,1.0,0,0,0,1,-1,0,-2,1,0,0,1,0,0,5,1,4,2,2,0,0,-2,0,5bfdffa1b8ce3,-2,0,AREQ43Q0T8ENT,0,0,6,,0,3,0,-2,0,2,0,3,0,
8,0,0,-1,0,1,-1,3,0,0,-2,0,0,0,-2,0,3,1,0,0,1,1,,0,5,0,7,-2,0,5bfe03eac34d3,0,0,A2N2GFB33ZMYGF,0,0,0,1,0,4,0,-2,0,0,0,0,1,
0,0,0,0,0,1,-1,0,0,0,-2,-1,0,-2,-2,17,0,1,0,0,4,1,,0,0,16,0,0,0,5bff09914990f,-2,0,A33B85TN97HQ33,0,0,6,,0,0,1,0,0,0,0,0,0,4
10,0,0,-1,0,1,-1,3,0,0,-2,1.0,0,1,-2,0,3,1,0,0,6,1,,0,4,0,10,-2,0,5bfef04b018bd,1,0,A1P6OXEJ86HQRM,0,0,5,2,0,4,0,-2,0,0,0,0,0,
0,0,3,-1,0,1,1.0,0,0,0,1,-1,0,-2,1,0,0,1,0,0,4,1,0,6,5,0,0,-2,0,5bff0cff09807,-2,0,A125KW9P18V5Z1,0,0,1,,0,5,0,-2,0,6,0,3,0,
14,0,0,-1,0,1,-1,3,0,0,-2,0.285714285714,0,0,-2,0,3,1,0,0,2,1,,0,1,0,11,-2,0,5bff066c967f0,0,0,A1OVN32XH1791K,0,0,2,1,0,4,0,-2,0,0,0,0,3,
17,0,0,-1,0,1,-1,3,0,0,-2,1.0,0,1,-2,0,3,1,0,0,2,1,,0,1,0,15,-2,0,5bff17db8917b,1,0,A3IDAO8T75VO3Z,0,0,6,4,0,1,0,-2,0,0,0,0,2,
12,0,0,-1,0,1,-1,3,0,0,-2,1.0,0,1,-2,0,3,1,0,0,4,1,,0,3,0,11,-2,0,5bff012b7a705,1,0,A6RHP75VV3265,0,0,6,2,0,3,0,-2,0,0,0,0,1,
0,0,0,0.333333333333,0,1,-1,0,0,0,-2,-1,0,-2,-2,5,0,1,0,0,0,1,,0,0,4,0,0,0,5bff07af26830,-2,0,A3LA5P3N3KI8U7,0,0,6,,0,2,1,0,0,0,0,0,0,3
0,0,0,-1,0,1,1.0,0,0,0,1,-1,0,-2,1,0,0,1,0,0,3,1,1,5,2,0,0,-2,0,5bff1b2526e67,-2,0,A2BWAAIDC88QKX,0,0,2,,0,4,0,-2,0,5,0,0,0,
0,0,3,-1,0,1,1.0,0,0,0,1,-1,0,-2,1,0,0,1,0,0,1,1,0,2,5,0,0,-2,0,5bfef910a304a,-2,0,A2KJ50DARKEBPR,0,0,0,,0,5,0,-2,0,2,0,3,0,
0,0,3,-1,0,1,0,0,0,0,0,-1,0,-2,0,0,0,1,0,0,3,1,0,11,6,0,0,-2,0,5bfef8815892a,-2,0,A1Z8AOIDT5IV43,0,0,0,,2,6,0,-2,0,9,0,3,0,
11,0,0,-1,0,1,-1,3,0,0,-2,1.0,0,1,-2,0,3,1,0,0,1,1,,0,2,0,10,-2,0,5bff2ab6e81a7,1,0,A1WLFFB5SYP7OF,0,0,5,0,0,5,0,-2,0,0,0,0,1,
16,0,0,-1,0,1,-1,3,0,0,-2,0.666666666667,0,1,-2,0,3,1,0,0,2,1,,0,4,0,15,-2,0,5bfefd2ac968b,0,0,A89R5XGMHOTJE,0,0,5,4,0,5,0,-2,0,0,0,0,1,
0,0,0,-1,0,1,1.0,0,0,0,1,-1,0,-2,1,0,0,1,0,0,5,1,3,8,1,0,0,-2,0,5bff0ab27a26a,-2,0,A1LFOS4GL90HWU,0,0,5,,1,4,0,-2,0,7,0,0,0,
0,0,0,0.333333333333,0,1,-1,0,3,0,-2,-1,0,-2,-2,2,0,1,0,0,3,1,,0,3,2,0,0,0,5bff210edad76,-2,0,A30H28F41UBJGK,0,3,3,,0,3,0,0,0,0,0,0,0,3
0,0,3,-1,0,1,0.5,0,0,0,1,-1,0,-2,0,0,0,1,0,0,2,1,0,5,6,0,0,-2,0,5bfeedabb2a18,-2,0,A21STU4Z97J2Z6,0,0,1,,0,6,0,-2,0,5,0,3,0,
15,0,0,-1,0,1,-1,3,0,0,-2,1.0,0,1,-2,0,3,1,0,0,3,1,,0,1,0,14,-2,0,5bfef787c7f6b,1,0,AW34JRQ2PDQAV,0,0,5,5,0,4,0,-2,0,0,0,0,1,
0,0,0,1.0,0,1,-1,0,3,0,-2,-1,0,-2,-2,21,0,1,0,0,4,1,,0,4,18,0,1,0,5bff37061a2ce,-2,0,ACIJ1SL1PFPQN,0,3,1,,0,4,3,1,0,0,0,0,0,2
0,0,3,-1,0,1,0.5,0,0,0,1,-1,0,-2,0,0,0,1,0,0,4,1,5,6,3,0,0,-2,0,5bff3385d1251,-2,0,A1OSUDB78PPKJV,0,0,0,,1,5,0,-2,0,5,0,3,0,
6,0,0,-1,0,1,-1,0,0,0,-2,0,0,0,-2,0,0,1,0,0,3,1,,0,2,0,5,-2,0,5bff105d3f44f,0,0,A1PTH9KTRO06EG,0,0,1,1,0,4,0,-2,0,0,0,0,1,
0,0,0,0.75,0,1,-1,0,3,0,-2,-1,0,-2,-2,17,0,1,0,0,4,1,,0,1,16,0,0,0,5bff32edc858d,-2,0,A2CNL43385QEQ7,0,3,2,,0,1,1,1,0,0,0,0,0,4
0,0,3,-1,0,1,0.5,0,0,0,1,-1,0,-2,0,0,0,1,0,0,6,1,4,2,3,0,0,-2,0,5bff00198797e,-2,0,A27MJOV91GA8R3,0,0,5,,0,1,0,-2,0,2,0,3,0,
14,0,0,-1,0,1,-1,3,0,0,-2,1.0,0,1,-2,0,3,1,0,0,2,1,,0,4,0,13,-2,0,5bff11cc28dd9,1,0,AI6U09NVOZ62B,0,0,4,2,0,3,0,-2,0,0,0,0,1,
0,0,0,0.75,0,1,-1,0,3,0,-2,-1,0,-2,-2,12,0,1,0,0,2,1,,0,5,9,0,0,0,5bfefe6136832,-2,0,AJFVK3O1D7SPE,0,3,5,,0,6,3,1,0,0,0,0,0,0
12,0,0,-1,0,1,-1,3,0,0,-2,0.666666666667,0,1,-2,0,3,1,0,0,1,1,,0,5,0,11,-2,0,5bfefd9160e61,0,0,A2I0ANKY20XQRX,0,0,3,2,0,1,0,-2,0,0,0,0,1,
12,0,0,-1,0,1,-1,3,0,0,-2,0,0,0,-2,0,3,1,0,0,0,1,,0,6,0,11,-2,0,5bff19198f17e,0,0,ALV4DAF8DIJ37,0,0,0,0,0,6,0,-2,0,0,0,0,1,
0,0,0,0,0,1,-1,0,3,0,-2,-1,0,-2,-2,6,0,1,0,0,0,1,,0,6,5,0,0,0,5bff1bbf653ff,-2,0,A2LMQ4497NMK3S,0,3,1,,0,5,1,0,0,0,0,0,0,1
6,0,0,-1,0,1,-1,3,0,0,-2,1.0,0,1,-2,0,3,1,0,0,4,1,,0,5,0,5,-2,0,5bff03ac570c1,1,0,A16SAB417Y96G4,0,0,4,4,0,3,0,-2,0,0,0,0,1,
0,0,3,-1,0,1,0.5,0,0,0,1,-1,0,-2,0,0,0,1,0,0,2,1,0,6,0,0,0,-2,0,5bfef002c9e70,-2,0,A1KXESMB9K7504,0,0,4,,1,5,0,-2,0,5,0,3,0,
0,0,3,-1,0,1,0.5,0,0,0,1,-1,0,-2,0,0,0,1,0,0,4,1,3,8,0,0,0,-2,0,5bff14f617b77,-2,0,A2YGAEODJ5SSF6,0,0,0,,1,5,0,-2,0,7,0,3,0,
0,0,0,-1,0,1,-1,0,0,0,-2,-1,0,-2,-2,0,0,0,0,0,1,1,,0,4,0,0,-1,0,5bff2112087d2,-2,0,A22PGJTI69X7PQ,0,0,5,,0,5,0,-1,0,0,0,0,0,2
0,0,0,0.333333333333,0,1,-1,0,3,0,-2,-1,0,-2,-2,4,0,1,0,0,1,1,,0,5,4,0,0,0,5bfeeed6f063a,-2,0,A272X64FOZFYLB,0,3,5,,0,4,0,0,0,0,0,0,0,0
0,0,3,-1,0,1,0.5,0,0,0,1,-1,0,-2,0,0,0,1,0,0,2,1,1,11,5,0,0,-2,0,5bff3d966ce59,-2,0,AGIFP1B0AM2HC,0,0,3,,0,4,0,-2,0,11,0,3,0,
0,0,0,-1,0,1,1.0,0,0,0,1,-1,0,-2,1,0,0,1,0,0,4,1,3,9,1,0,0,-2,0,5bff2c53582af,-2,0,A198MSVO1VTAT5,0,0,4,,1,1,0,-2,0,8,0,0,0,
0,0,3,-1,0,1,0.5,0,0,0,1,-1,0,-2,0,0,0,1,0,0,5,1,4,2,4,0,0,-2,0,5bff1ddbd9ecd,-2,0,A3D9NTTKE35SRL,0,0,4,,0,3,0,-2,0,2,0,3,0,
11,0,0,-1,0,1,-1,3,0,0,-2,1.0,0,1,-2,0,3,1,0,0,4,1,,0,4,0,10,-2,0,5bfeec1407ca0,1,0,AAIQLE701DI9U,0,0,5,1,0,5,0,-2,0,0,0,0,1,
11,0,0,-1,0,1,-1,3,0,0,-2,1.0,0,1,-2,0,3,1,0,0,4,1,,0,5,0,10,-2,0,5bff23e90acd7,1,0,A2RERBGRTEWXK4,0,0,5,1,0,2,0,-2,0,0,0,0,1,
17,0,0,-1,0,1,-1,3,0,0,-2,0.333333333333,0,1,-2,0,3,1,0,0,4,1,,0,1,0,16,-2,0,5bff17172a05d,0,0,A248QG4DPULP46,0,0,6,2,0,4,0,-2,0,0,0,0,1,
12,0,0,-1,0,1,-1,3,0,0,-2,1.0,0,1,-2,0,3,1,0,0,1,1,,0,5,0,10,-2,0,5bff05c42a509,1,0,A1ROKI5TP0V6OW,0,0,4,0,0,5,0,-2,0,0,0,0,2,
0,0,3,-1,0,1,1.0,0,0,0,1,-1,0,-2,1,0,0,1,0,0,4,1,1,4,1,0,0,-2,0,5bff10af44b45,-2,0,AAURS65ZO4SXC,0,0,5,,0,1,0,-2,0,4,0,3,0,
0,0,0,0.285714285714,0,1,-1,0,3,0,-2,-1,0,-2,-2,12,0,1,0,0,1,1,,0,3,10,0,0,0,5bff0ad21e6ab,-2,0,A1KKYGTEDX00N3,0,3,4,,0,4,2,0,0,0,0,0,0,1
0,0,0,0.285714285714,0,1,-1,0,3,0,-2,-1,0,-2,-2,13,0,1,0,0,0,1,,0,2,11,0,0,0,5bff052433a6a,-2,0,AJXIC6Q5EM76P,0,3,0,,0,5,2,0,0,0,0,0,0,0
12,0,0,-1,0,1,-1,3,0,0,-2,1.0,0,1,-2,0,3,1,0,0,1,1,,0,5,0,11,-2,0,5bff0de002d8b,1,0,A3H7U5QC0Y2R1S,0,0,5,1,0,4,0,-2,0,0,0,0,1,
0,0,0,0,0,1,-1,0,0,0,-2,-1,0,-2,-2,9,0,1,0,0,0,1,,0,6,8,0,0,0,5bff0a6c3ea37,-2,0,A1DCKRRPA4AWVD,0,0,0,,0,6,1,0,0,0,0,0,0,4
0,0,0,-1,0,1,-1,0,0,0,-2,-1,0,-2,-2,0,0,0,0,0,1,1,,0,6,0,0,-1,0,5bfeef92444b5,-2,0,A2XKVWHXJV0HWZ,0,0,0,,0,6,0,-1,0,0,0,0,0,0
0,0,0,0,0,1,-1,0,3,0,-2,-1,0,-2,-2,5,0,1,0,0,0,1,,0,6,5,0,0,0,5bff3542149ff,-2,0,A2QSV66PBS6UE0,0,3,0,,0,6,0,0,0,0,0,0,0,0
0,0,0,-1,0,1,-1,0,0,0,-2,-1,0,-1,-2,0,0,0,0,0,3,1,,0,5,0,0,-2,0,5bff5d6389987,-1,0,A2I4SI9TMCV0QE,0,0,2,2,0,3,0,-2,0,0,0,0,0,
0,0,3,-1,0,1,0.5,0,0,0,1,-1,0,-2,0,0,0,1,0,0,5,1,5,3,1,0,0,-2,0,5bff2d99ee9b0,-2,0,A39EBLPHUIPAFH,0,0,5,,0,1,0,-2,0,3,0,3,0,
12,0,0,-1,0,1,-1,3,0,0,-2,1.0,0,1,-2,0,3,1,0,0,5,1,,0,2,0,12,-2,0,5bfeeeef528a5,1,0,ACGZDI611LU0I,0,0,4,2,0,1,0,-2,0,0,0,0,0,
21,0,0,-1,0,1,-1,3,0,0,-2,1.0,0,1,-2,0,3,1,0,0,4,1,,0,1,0,21,-2,0,5bff2270e285e,1,0,A3HCTUPKZPFJL8,0,0,5,3,0,1,0,-2,0,0,0,0,0,
0,0,3,-1,0,1,1.0,0,0,0,1,-1,0,-2,1,0,0,1,0,0,0,1,3,4,5,0,0,-2,0,5c00afea1271e,-2,0,AFSB8WBSUU2B4,0,0,6,,0,0,0,-2,0,4,0,3,0,
0,0,0,0,0,1,-1,0,3,0,-2,-1,0,-2,-2,13,0,1,0,0,5,1,,0,5,12,0,0,0,5c00ce136cbc5,-2,0,A1XCUZAIYZMWFM,0,3,5,,0,5,1,0,0,0,0,0,0,5
11,0,0,-1,0,1,-1,3,0,0,-2,1.0,0,1,-2,0,3,1,0,0,0,1,,0,1,0,10,-2,0,5c012f6078be6,1,0,A2EI075XZT9Y2S,0,0,4,0,0,0,0,-2,0,0,0,0,1,
0,0,3,-1,0,1,0.5,0,0,0,1,-1,0,-2,0,0,0,1,0,0,5,1,5,7,3,0,0,-2,0,5c00af8b0c2bd,-2,0,A32G06L5LXJ4C3,0,0,2,,1,3,0,-2,0,6,0,3,0,
17,0,0,-1,0,1,-1,3,0,0,-2,1.0,0,1,-2,0,3,1,0,0,1,1,,0,5,0,16,-2,0,5c00aff434db9,1,0,A2XQ3P6M9NZNYB,0,0,4,1,0,4,0,-2,0,0,0,0,1,
9,0,0,-1,0,1,-1,3,0,0,-2,1.0,0,1,-2,0,3,1,0,0,2,1,,0,2,0,8,-2,0,5c00c7455bac9,1,0,ACP3EPSETF6IY,0,0,2,2,0,3,0,-2,0,0,0,0,1,
0,0,0,-1,0,1,-1,0,0,0,-1,-1,0,-2,-1,0,0,0,0,0,4,1,4,0,5,0,0,-2,0,5c00d03ac09fe,-2,0,A3VP6JIUGFIS20,0,0,5,,0,5,0,-2,0,0,0,0,0,
0,0,3,-1,0,1,1.0,0,0,0,1,-1,0,-2,1,0,0,1,0,0,5,1,4,9,4,0,0,-2,0,5c00c0587e5cf,-2,0,AJNQDG8RPYULZ,0,0,6,,0,1,0,-2,0,9,0,3,0,
6,0,0,-1,0,1,-1,0,0,0,-2,0,0,0,-2,0,0,1,0,0,1,1,,0,4,0,5,-2,0,5c00c1999caf1,0,0,A9ZCY6FLUCIU1,0,0,0,0,0,1,0,-2,0,0,0,0,1,
15,0,0,-1,0,1,-1,3,0,0,-2,1.0,0,1,-2,0,3,1,0,0,0,1,,0,3,0,14,-2,0,5c00c3a2ef857,1,0,A21EZISIJ3JPSW,0,0,4,0,0,6,0,-2,0,0,0,0,1,
8,0,0,-1,0,1,-1,3,0,0,-2,1.0,0,1,-2,0,3,1,0,0,4,1,,0,2,0,7,-2,0,5c00ce5e48f7d,1,0,A1T6TPNU64ZH9F,0,0,6,4,0,4,0,-2,0,0,0,0,1,
0,0,0,0.333333333333,0,1,-1,0,0,0,-2,-1,0,-2,-2,8,0,1,0,0,1,1,,0,0,7,0,0,0,5c00cc88c8659,-2,0,A1F2VHKMDWEA2X,0,0,2,,0,0,1,0,0,0,0,0,0,5
0,0,3,-1,0,1,0,0,0,0,0,-1,0,-2,0,0,0,1,0,0,3,1,4,9,1,0,0,-2,0,5c00c6d884d3c,-2,0,AZR69IK19HG92,0,0,2,,2,4,0,-2,0,7,0,3,0,
12,0,0,-1,0,1,-1,3,0,0,-2,0.285714285714,0,0,-2,0,3,1,0,0,2,1,,0,2,0,10,-2,0,5c00afa9bcc45,0,0,A2QSV66PBS6UE0,0,0,1,1,0,2,0,-2,0,0,0,0,2,
11,0,0,-1,0,1,-1,3,0,0,-2,1.0,0,1,-2,0,3,1,0,0,0,1,,0,4,0,10,-2,0,5c00b83fd7b31,1,0,A1L3937MY09J3I,0,0,6,0,0,6,0,-2,0,0,0,0,1,
0,0,0,-1,0,1,-1,0,0,0,-2,-1,0,-2,-2,0,0,0,0,0,0,1,,0,0,0,0,-1,0,5c00cc4b48b3e,-2,0,A2M03MZWZDXKAJ,0,0,5,,0,4,0,-1,0,0,0,0,0,1
0,0,3,-1,0,1,0.5,0,0,0,1,-1,0,-2,0,0,0,1,0,0,4,1,2,7,3,0,0,-2,0,5c00cbe67778a,-2,0,A33MAJJ3MCBS7Y,0,0,2,,0,4,0,-2,0,7,0,3,0,
0,0,0,0,0,1,-1,0,0,0,-2,-1,0,-2,-2,7,0,1,0,0,4,1,,0,0,7,0,0,0,5c00cdc9832d5,-2,0,A1ZVG6QTM11T1S,0,0,0,,0,4,0,0,0,0,0,0,0,0
12,0,0,-1,0,1,-1,3,0,0,-2,0.666666666667,0,1,-2,0,3,1,0,0,4,1,,0,1,0,10,-2,0,5c00d47797004,0,0,A2OEDX14YO8EFJ,0,0,4,2,0,1,0,-2,0,0,0,0,2,
0,0,3,-1,0,1,0.5,0,0,0,1,-1,0,-2,0,0,0,1,0,0,2,1,2,5,5,0,0,-2,0,5c00cd720702d,-2,0,A237SO0Y2E3XFT,0,0,2,,0,5,0,-2,0,5,0,3,0,
0,0,0,0.285714285714,0,1,-1,0,3,0,-2,-1,0,-2,-2,13,0,1,0,0,4,1,,0,5,12,0,0,0,5c00cc6b8a0e5,-2,0,A3SOZYQZWJOOYS,0,3,4,,0,4,1,0,0,0,0,0,0,4
7,0,0,-1,0,1,-1,3,0,0,-2,1.0,0,1,-2,0,3,1,0,0,4,1,,0,2,0,6,-2,0,5c00af67368c8,1,0,A3I55L67X0MWC4,0,0,4,4,0,4,0,-2,0,0,0,0,1,
0,0,3,-1,0,1,0.5,0,0,0,1,-1,0,-2,0,0,0,1,0,0,0,1,3,8,0,0,0,-2,0,5c00af8980175,-2,0,A3USZGUPBRTYCZ,0,0,0,,1,0,0,-2,0,7,0,3,0,
0,0,0,-1,0,1,-1,0,0,0,-1,-1,0,-2,-1,0,0,0,0,0,6,1,2,0,1,0,0,-2,0,5c00b0eae88a9,-2,0,A2RPYHATMG69C5,0,0,2,,0,3,0,-2,0,0,0,0,0,
0,0,0,0.25,0,1,-1,0,3,0,-2,-1,0,-2,-2,13,0,1,0,0,5,1,,0,5,10,0,0,0,5c00e6a84ac4b,-2,0,A1WS2WFE8OD9GW,0,3,6,,0,6,3,1,0,0,0,0,0,6
11,0,0,-1,0,1,-1,3,0,0,-2,1.0,0,1,-2,0,3,1,0,0,4,1,,0,5,0,10,-2,0,5c00b01440e58,1,0,A24F08A7411TVV,0,0,5,0,0,5,0,-2,0,0,0,0,1,
0,0,3,-1,0,1,0,0,0,0,0,-1,0,-2,0,0,0,1,0,0,5,1,6,18,5,0,0,-2,0,5c00cf942d78a,-2,0,ANQ3NW4UY0I7K,0,0,4,,2,4,0,-2,0,16,0,3,0,
11,0,0,-1,0,1,-1,3,0,0,-2,1.0,0,1,-2,0,3,1,0,0,5,1,,0,2,0,9,-2,0,5c00afb7734e9,1,0,A2E0FJ6HLBFFOH,0,0,5,3,0,2,0,-2,0,0,0,0,2,
0,0,0,0.285714285714,0,1,-1,0,3,0,-2,-1,0,-2,-2,12,0,1,0,0,4,1,,0,2,10,0,0,0,5c00b4d5b73dc,-2,0,A2R89RXGEVG05I,0,3,5,,0,6,2,0,0,0,0,0,0,1
29,0,0,-1,0,1,-1,0,0,0,-2,0.285714285714,0,0,-2,0,0,1,0,0,0,1,,0,6,0,26,-2,0,5c00cc68c416e,0,0,A3OFJ9M99V0XAK,0,0,0,0,0,6,0,-2,0,0,0,0,3,
14,0,0,-1,0,1,-1,3,0,0,-2,1.0,0,1,-2,0,3,1,0,0,2,1,,0,4,0,14,-2,0,5c00b16009fa3,1,0,A2YLK83DQ6PA5Y,0,0,2,1,0,6,0,-2,0,0,0,0,0,
0,0,3,-1,0,1,0,0,0,0,0,-1,0,-2,0,0,0,1,0,0,2,1,2,13,3,0,0,-2,0,5c00affa304d5,-2,0,A1LTJHPUTL7WM9,0,0,1,,2,6,0,-2,0,11,0,3,0,
0,0,3,-1,0,1,0,0,0,0,0,-1,0,-2,0,0,0,1,0,0,5,1,6,10,6,0,0,-2,0,5c00db8d5842d,-2,0,A231NACOT4VET7,0,0,6,,2,5,0,-2,0,8,0,3,0,
16,0,0,-1,0,1,-1,3,0,0,-2,0.333333333333,0,1,-2,0,3,1,0,0,2,1,,0,5,0,15,-2,0,5c00c4cb8ef92,0,0,AYXDE087J2KO,0,0,2,1,0,4,0,-2,0,0,0,0,1,
14,0,0,-1,0,1,-1,3,0,0,-2,1.0,0,1,-2,0,3,1,0,0,4,1,,0,0,0,12,-2,0,5c00af5691baf,1,0,AYKL9152PTHND,0,0,5,2,0,0,0,-2,0,0,0,0,2,
0,0,0,-1,0,1,1.0,0,0,0,1,-1,0,-2,1,0,0,1,0,0,4,1,5,5,1,0,0,-2,0,5c00ccc2182a6,-2,0,ADGJHA7MY166Z,0,0,5,,1,4,0,-2,0,4,0,0,0,
0,0,0,0.333333333333,0,1,-1,0,0,0,-2,-1,0,-2,-2,8,0,1,0,0,1,1,,0,4,7,0,0,0,5c00b7d4910da,-2,0,A15EZCN5OCG62W,0,0,0,,0,5,1,0,0,0,0,0,0,1
10,0,0,-1,0,1,-1,3,0,0,-2,1.0,0,1,-2,0,3,1,0,0,6,1,,0,4,0,9,-2,0,5c00bcb5daa23,1,0,A2X977GVQ6L90X,0,0,6,5,0,0,0,-2,0,0,0,0,1,
14,0,0,-1,0,1,-1,3,0,0,-2,1.0,0,1,-2,0,3,1,0,0,5,1,,0,3,0,13,-2,0,5c00beeed829d,1,0,A1TGV7LT6LTIQU,0,0,5,5,0,4,0,-2,0,0,0,0,1,
0,0,0,0,0,1,-1,0,0,0,-2,-1,0,-2,-2,12,0,1,0,0,6,1,,0,6,11,0,0,0,5c00cc13bcf54,-2,0,AJ4UXMTFXI1KZ,0,0,6,,0,6,1,0,0,0,0,0,0,6
0,0,3,-1,0,1,1.0,0,0,0,1,-1,0,-2,1,0,0,1,0,0,5,1,0,4,5,0,0,-2,0,5c00b04f238a5,-2,0,A103OW5K22LPH3,0,0,2,,0,5,0,-2,0,4,0,3,0,
0,0,3,-1,0,1,1.0,0,0,0,1,-1,0,-2,1,0,0,1,0,0,4,1,1,4,1,0,0,-2,0,5c00c13012f8e,-2,0,A18QU0YQB6Q8DF,0,0,4,,0,5,0,-2,0,4,0,3,0,
0,0,0,-1,0,1,-1,0,0,0,-2,-1,0,-2,-2,0,0,0,0,0,4,1,,0,2,0,0,-1,0,5c00b14ca0cf0,-2,0,AL7UTA8J27TFK,0,0,6,,0,5,0,-1,0,0,0,0,0,1
0,0,0,0,0,1,-1,0,0,0,-2,-1,0,-2,-2,18,0,1,0,0,6,1,,0,4,17,0,0,0,5c00b19d3fe70,-2,0,A1CWBCN2YIR7V,0,0,6,,0,3,1,0,0,0,0,0,0,6
14,0,0,-1,0,1,-1,3,0,0,-2,1.0,0,1,-2,0,3,1,0,0,2,1,,0,5,0,13,-2,0,5c00afb51f31a,1,0,AOZUMS41I24QI,0,0,3,1,0,4,0,-2,0,0,0,0,1,
0,0,3,-1,0,1,0,0,0,0,0,-1,0,-2,0,0,0,1,0,0,3,1,0,24,3,0,0,-2,0,5c00b746e4e1b,-2,0,A1TEANXUBAFOM9,0,0,1,,3,2,0,-2,0,21,0,3,0,
0,0,0,0,0,1,-1,0,3,0,-2,-1,0,-2,-2,6,0,1,0,0,0,1,,0,0,6,0,0,0,5c00b1159a628,-2,0,A11L2T52KFY5FR,0,3,0,,0,0,0,0,0,0,0,0,0,0
0,0,3,-1,0,1,0.5,0,0,0,1,-1,0,-2,0,0,0,1,0,0,5,1,3,9,2,0,0,-2,0,5c00b10df279e,-2,0,A386KHTDSXKV33,0,0,4,,1,3,0,-2,0,8,0,3,0,
0,0,3,-1,0,1,0.5,0,0,0,1,-1,0,-2,0,0,0,1,0,0,4,1,4,8,4,0,0,-2,0,5c00cc446cd12,-2,0,ABJEQJY0SSXX6,0,0,4,,0,2,0,-2,0,8,0,3,0,
0,0,0,0.5,0,1,-1,0,3,0,-2,-1,0,-2,-2,18,0,1,0,0,4,1,,0,6,18,0,0,0,5c01aa0c42f5a,-2,0,AGS3G0AT438E7,0,3,5,,0,6,0,1,0,0,0,0,0,0
0,0,3,-1,0,1,1.0,0,0,0,1,-1,0,-2,1,0,0,1,0,0,2,1,2,5,2,0,0,-2,0,5c01a25d39638,-2,0,A1MRNA5HYVK8T6,0,0,5,,1,4,0,-2,0,4,0,3,0,
0,0,3,-1,0,1,1.0,0,0,0,1,-1,0,-2,1,0,0,1,0,0,4,1,3,11,1,0,0,-2,0,5c01a7e175d0c,-2,0,AMELYCC59JKB0,0,0,5,,1,1,0,-2,0,10,0,3,0,
13,0,0,-1,0,1,-1,3,0,0,-2,1.0,0,1,-2,0,3,1,0,0,3,1,,0,1,0,12,-2,0,5c0187887ae82,1,0,AUFOO8PU2BK37,0,0,6,4,0,1,0,-2,0,0,0,0,1,
14,0,0,-1,0,1,-1,3,0,0,-2,0.666666666667,0,1,-2,0,3,1,0,0,0,1,,0,1,0,14,-2,0,5c01a387eca6d,0,0,A1RRMINTJ8BHKG,0,0,5,2,0,5,0,-2,0,0,0,0,0,
0,0,3,-1,0,1,1.0,0,0,0,1,-1,0,-2,1,0,0,1,0,0,2,1,1,4,6,0,0,-2,0,5c019864c2531,-2,0,A1LB9JOMFQ1UMG,0,0,4,,0,6,0,-2,0,4,0,3,0,
9,0,0,-1,0,1,-1,0,0,0,-2,0,0,0,-2,0,0,1,0,0,1,1,,0,3,0,8,-2,0,5c018964668ce,0,0,A5OBJUPZLVOKG,0,0,1,0,0,4,0,-2,0,0,0,0,1,
0,0,0,1.0,0,1,-1,0,3,0,-2,-1,0,-2,-2,20,0,1,0,0,1,1,,0,4,17,0,1,0,5c01bc3495969,-2,0,A2BBO5W3W2NVAQ,0,3,4,,0,4,3,1,0,0,0,0,0,1
10,0,0,-1,0,1,-1,3,0,0,-2,1.0,0,1,-2,0,3,1,0,0,2,1,,0,4,0,9,-2,0,5c019b93635b2,1,0,A3C7COPV48I37D,0,0,4,3,0,5,0,-2,0,0,0,0,1,
0,0,0,0,0,1,-1,0,3,0,-2,-1,0,-2,-2,3,0,1,0,0,4,1,,0,5,3,0,0,0,5c0195840fedb,-2,0,A3TF0TA67EBKBE,0,3,3,,0,3,0,0,0,0,0,0,0,3
0,0,0,0,0,1,-1,0,0,0,-2,-1,0,-2,-2,14,0,1,0,0,1,1,,0,4,13,0,0,0,5c019b22157ea,-2,0,A3FJSCZLT0F0WY,0,0,5,,0,4,1,0,0,0,0,0,0,1
0,0,0,-1,0,1,1.0,0,0,0,1,-1,0,-2,1,0,0,1,0,0,0,1,1,9,2,0,0,-2,0,5c019af7e9548,-2,0,A2Y9ZNZ0F24GHB,0,0,4,,1,6,0,-2,0,8,0,0,0,
0,0,0,0.333333333333,0,1,-1,0,3,0,-2,-1,0,-2,-2,6,0,1,0,0,6,1,,0,0,6,0,0,0,5c01af774c121,-2,0,AEN7H01OU26XL,0,3,6,,0,1,0,0,0,0,0,0,0,0
0,0,3,-1,0,1,0.333333333333,0,0,0,0,-1,0,-2,0,0,0,1,0,0,2,1,3,16,1,0,0,-2,0,5c019f78ae499,-2,0,A24TG1B5IY8YZ5,0,0,5,,2,2,0,-2,0,14,0,3,0,
0,0,0,0.5,0,1,-1,0,3,0,-2,-1,0,-2,-2,17,0,1,0,0,4,1,,0,4,15,0,0,0,5c01b223151aa,-2,0,A1BVG13MHBM1YD,0,3,4,,0,4,2,1,0,0,0,0,0,2
10,0,0,-1,0,1,-1,3,0,0,-2,1.0,0,1,-2,0,3,1,0,0,5,1,,0,1,0,8,-2,0,5c01882c2dff3,1,0,AI6U09NVOZ62B,0,0,6,3,0,0,0,-2,0,0,0,0,2,
0,0,0,0,0,1,-1,0,3,0,-2,-1,0,-2,-2,7,0,1,0,0,4,1,,0,4,6,0,0,0,5c0191a341e80,-2,0,A1153ZIEQX0ZJ8,0,3,3,,0,4,1,0,0,0,0,0,0,1
8,0,0,-1,0,1,-1,3,0,0,-2,1.0,0,1,-2,0,3,1,0,0,4,1,,0,5,0,7,-2,0,5c0187df1f81f,1,0,A395P5KLFXK1N4,0,0,2,6,0,3,0,-2,0,0,0,0,1,
8,0,0,-1,0,1,-1,0,0,0,-2,0,0,0,-2,0,0,1,0,0,5,1,,0,0,0,7,-2,0,5c019988c59d6,0,0,A2WYZOR4M4OZTB,0,0,4,0,0,0,0,-2,0,0,0,0,1,
0,0,3,-1,0,1,1.0,0,0,0,1,-1,0,-2,1,0,0,1,0,0,2,1,1,6,2,0,0,-2,0,5c019c185946b,-2,0,A1NCSZCN8EA787,0,0,3,,1,4,0,-2,0,5,0,3,0,
0,0,3,-1,0,1,0,0,0,0,0,-1,0,-2,0,0,0,1,0,0,0,1,0,27,5,0,0,-2,0,5c018cf5bab87,-2,0,A1DCKRRPA4AWVD,0,0,2,,3,6,0,-2,0,24,0,3,0,
0,0,0,1.0,0,1,-1,0,3,0,-2,-1,0,-2,-2,16,0,1,0,0,1,1,,0,5,14,0,1,0,5c018831de411,-2,0,A2T11H7YI7QPGD,0,3,4,,0,5,2,1,0,0,0,0,0,1
0,0,0,-1,0,1,1.0,0,0,0,1,-1,0,-2,1,0,0,1,0,0,1,1,3,7,4,0,0,-2,0,5c01af3b9d8be,-2,0,A2FZFVZYY4DJ7X,0,0,4,,1,2,0,-2,0,6,0,0,0,
0,0,0,1.0,0,1,-1,0,3,0,-2,-1,0,-2,-2,24,0,1,0,0,1,1,,0,5,22,0,1,0,5c01a28e9a23e,-2,0,A2E3TO92MCQ9XU,0,3,5,,0,5,2,1,0,0,0,0,0,0
12,0,0,-1,0,1,-1,3,0,0,-2,1.0,0,1,-2,0,3,1,0,0,2,1,,0,3,0,11,-2,0,5c01a25d914e7,1,0,AHM824674CY04,0,0,4,2,0,4,0,-2,0,0,0,0,1,
0,0,0,0.5,0,1,-1,0,3,0,-2,-1,0,-2,-2,11,0,1,0,0,1,1,,0,5,10,0,0,0,5c019c6aeec94,-2,0,A35KO5LPASBFI9,0,3,1,,0,5,1,1,0,0,0,0,0,0
13,0,0,-1,0,1,-1,3,0,0,-2,1.0,0,1,-2,0,3,1,0,0,4,1,,0,1,0,11,-2,0,5c019efa6ceda,1,0,A1V2H0UF94ATWY,0,0,4,4,0,2,0,-2,0,0,0,0,2,
0,0,0,0,0,1,-1,0,0,0,-2,-1,0,-2,-2,7,0,1,0,0,2,1,,0,1,6,0,0,0,5c01bd648fee4,-2,0,A1DZMZTXWOM9MR,0,0,5,,0,4,1,0,0,0,0,0,0,3
0,0,3,-1,0,1,0.5,0,0,0,1,-1,0,-2,0,0,0,1,0,0,4,1,3,3,1,0,0,-2,0,5c019fcef09c1,-2,0,AM2HF5TM1O9NU,0,0,5,,0,1,0,-2,0,3,0,3,0,
0,0,0,1.0,0,1,-1,0,3,0,-2,-1,0,-2,-2,13,0,1,0,0,1,1,,0,4,12,0,1,0,5c018b0e07f08,-2,0,AMTTB8JUWRRM7,0,3,2,,0,4,1,1,0,0,0,0,0,0
0,0,3,-1,0,1,1.0,0,0,0,1,-1,0,-2,1,0,0,1,0,0,1,1,0,5,6,0,0,-2,0,5c01888baab23,-2,0,A2GG7HIO2OIXUR,0,0,2,,0,6,0,-2,0,5,0,3,0,
17,0,0,-1,0,1,-1,3,0,0,-2,0.285714285714,0,0,-2,0,3,1,0,0,1,1,,0,2,0,14,-2,0,5c0204e9412da,0,0,A1C3A6UO12AFH4,0,0,2,4,0,3,0,-2,0,0,0,0,3,
12,0,0,-1,0,1,-1,3,0,0,-2,1.0,0,1,-2,0,3,1,0,0,2,1,,0,3,0,11,-2,0,5c01b94e6a402,1,0,A1XIL0Q9W5JE4Q,0,0,5,1,0,6,0,-2,0,0,0,0,1,
0,0,0,0,0,1,-1,0,0,0,-2,-1,0,-2,-2,12,0,1,0,0,2,1,,0,4,11,0,0,0,5c01a85005640,-2,0,AGKL1HOKIR138,0,0,2,,0,3,1,0,0,0,0,0,0,4
0,0,0,0.333333333333,0,1,-1,0,0,0,-2,-1,0,-2,-2,9,0,1,0,0,4,1,,0,2,8,0,0,0,5c01875d2cace,-2,0,AAIQLE701DI9U,0,0,5,,0,4,1,0,0,0,0,0,0,1
0,0,0,0.285714285714,0,1,-1,0,3,0,-2,-1,0,-2,-2,13,0,1,0,0,2,1,,0,1,11,0,0,0,5c01a35338423,-2,0,AWNZK81AJ1ZZ3,0,3,2,,0,5,2,0,0,0,0,0,0,1
0,0,3,-1,0,1,0.5,0,0,0,1,-1,0,-2,0,0,0,1,0,0,6,1,4,2,6,0,0,-2,0,5c0190259e07f,-2,0,A3T0TGGN60L936,0,0,3,,0,5,0,-2,0,2,0,3,0,
9,0,0,-1,0,1,-1,3,0,0,-2,1.0,0,1,-2,0,3,1,0,0,0,1,,0,0,0,8,-2,0,5c019c75f133b,1,0,A214HWAW1PYWO8,0,0,6,0,0,6,0,-2,0,0,0,0,1,
0,0,3,-1,0,1,1.0,0,0,0,1,-1,0,-2,1,0,0,1,0,0,4,1,4,6,5,0,0,-2,0,5c01b58cc85d9,-2,0,A10OZ97Y3TYL53,0,0,5,,1,6,0,-2,0,5,0,3,0,
10,0,0,-1,0,1,-1,3,0,0,-2,1.0,0,1,-2,0,3,1,0,0,4,1,,0,1,0,9,-2,0,5c018981da9c7,1,0,ACGZDI611LU0I,0,0,5,5,0,0,0,-2,0,0,0,0,1,
0,0,3,-1,0,1,1.0,0,0,0,1,-1,0,-2,1,0,0,1,0,0,6,1,5,2,5,0,0,-2,0,5c0187fb52c87,-2,0,A1P6OXEJ86HQRM,0,0,6,,0,0,0,-2,0,2,0,3,0,
0,0,0,0.285714285714,0,1,-1,0,3,0,-2,-1,0,-2,-2,16,0,1,0,0,6,1,,0,1,15,0,0,0,5c01a436574b4,-2,0,A304UJAE051J89,0,3,5,,0,1,1,0,0,0,0,0,0,5
0,0,0,0.285714285714,0,1,-1,0,3,0,-2,-1,0,-2,-2,9,0,1,0,0,0,1,,0,0,7,0,0,0,5c0198b285f2b,-2,0,A28HB7240OFGEW,0,3,0,,0,4,2,0,0,0,0,0,0,0
6,0,0,-1,0,1,-1,3,0,0,-2,0,0,0,-2,0,3,1,0,0,0,1,,0,6,0,5,-2,0,5c01c206d4aca,0,0,A3NGTGQGRTG4OO,0,0,0,2,0,6,0,-2,0,0,0,0,1,
0,0,3,-1,0,1,0,0,0,0,0,-1,0,-2,0,0,0,1,0,0,1,1,2,12,2,0,0,-2,0,5c01c1de46f89,-2,0,A2EK6Q0YV8Z4HN,0,0,1,,1,4,0,-2,0,11,0,3,0,
0,0,0,0.285714285714,0,1,-1,0,3,0,-2,-1,0,-2,-2,10,0,1,0,0,1,1,,0,4,8,0,0,0,5c01ac002f997,-2,0,A2B8I25LIDWDRD,0,3,6,,0,5,2,0,0,0,0,0,0,1
0,0,3,-1,0,1,1.0,0,0,0,1,-1,0,-2,1,0,0,1,0,0,0,1,0,5,5,0,0,-2,0,5c01b6fbf3a02,-2,0,A1X2DPI7Q9QIJK,0,0,1,,0,4,0,-2,0,5,0,3,0,
0,0,0,0,0,1,-1,0,0,0,-2,-1,0,-2,-2,5,0,1,0,0,2,1,,0,1,4,0,0,0,5c019c1679b89,-2,0,A13HZKB2NGZP6B,0,0,1,,0,2,1,0,0,0,0,0,0,1
9,0,0,-1,0,1,-1,3,0,0,-2,1.0,0,1,-2,0,3,1,0,0,4,1,,0,1,0,8,-2,0,5c01b3b4335a4,1,0,A2RCYLKY072XXO,0,0,5,1,0,0,0,-2,0,0,0,0,1,
0,0,0,-1,0,1,0.5,0,0,0,1,-1,0,-2,0,0,0,1,0,0,1,1,0,11,6,0,0,-2,0,5c0186dab157e,-2,0,A2C7TMRC2QHTIW,0,0,1,,1,5,0,-2,0,10,0,0,0,
0,0,0,-1,0,1,0,0,0,0,0,-1,0,-2,0,0,0,1,0,0,4,1,1,24,6,0,0,-2,0,5c030aa2b3189,-2,0,A6SR4BU227GUH,0,0,1,,1,6,0,-2,0,23,0,0,0,
0,0,0,0,0,1,-1,0,3,0,-2,-1,0,-2,-2,6,0,1,0,0,1,1,,0,2,6,0,0,0,5c02e70e5e5eb,-2,0,A3G5OWGKHW6OL5,0,3,0,,0,4,0,0,0,0,0,0,0,0
0,0,0,0,0,1,-1,0,0,0,-2,-1,0,-2,-2,8,0,1,0,0,0,1,,0,4,7,0,0,0,5c02e054f1d17,-2,0,A1BJYZXTAPXNP4,0,0,5,,0,6,1,0,0,0,0,0,0,3
0,0,3,-1,0,1,1.0,0,0,0,1,-1,0,-2,1,0,0,1,0,0,2,1,0,5,3,0,0,-2,0,5c02f0663ed2b,-2,0,AAQREZOK13OV7,0,0,2,,1,4,0,-2,0,4,0,3,0,
0,0,3,-1,0,1,1.0,0,0,0,1,-1,0,-2,1,0,0,1,0,0,4,1,1,4,6,0,0,-2,0,5c02fb1e661f8,-2,0,A2VN8Q8X7WWIM,0,0,5,,0,5,0,-2,0,4,0,3,0,
0,0,0,0.75,0,1,-1,0,3,0,-2,-1,0,-2,-2,15,0,1,0,0,1,1,,0,5,13,0,0,0,5c0301a291908,-2,0,A2PKA1OBYUJOFE,0,3,0,,0,5,2,1,0,0,0,0,0,0
0,0,0,0.333333333333,0,1,-1,0,0,0,-2,-1,0,-2,-2,9,0,1,0,0,1,1,,0,4,8,0,0,0,5c02e0689816e,-2,0,A26T6O5EFR54A9,0,0,5,,0,5,1,0,0,0,0,0,0,1
9,0,0,-1,0,1,-1,3,0,0,-2,1.0,0,1,-2,0,3,1,0,0,3,1,,0,3,0,8,-2,0,5c030bdd48eb3,1,0,A16JWEMJYB2YMZ,0,0,3,3,0,3,0,-2,0,0,0,0,1,
0,0,0,0.333333333333,0,1,-1,0,0,0,-2,-1,0,-2,-2,10,0,1,0,0,1,1,,0,4,9,0,0,0,5c0306f4819a1,-2,0,A23442UHTO5VOI,0,0,5,,0,4,1,0,0,0,0,0,0,1
0,0,3,-1,0,1,0.5,0,0,0,1,-1,0,-2,0,0,0,1,0,0,4,1,2,7,3,0,0,-2,0,5c031de54996d,-2,0,A26NGLGGFTATVN,0,0,5,,1,4,0,-2,0,6,0,3,0,
0,0,0,0,0,1,-1,0,0,0,-2,-1,0,-2,-2,11,0,1,0,0,4,1,,0,5,10,0,0,0,5c03321295001,-2,0,A258DUZQTRIEK0,0,0,5,,0,4,1,0,0,0,0,0,0,0
20,0,0,-1,0,1,-1,3,0,0,-2,0.285714285714,0,0,-2,0,3,1,0,0,0,1,,0,6,0,17,-2,0,5c02e0ab0d518,0,0,A9ZCY6FLUCIU1,0,0,0,0,0,6,0,-2,0,0,0,0,3,
0,0,0,0.285714285714,0,1,-1,0,3,0,-2,-1,0,-2,-2,13,0,1,0,0,4,1,,0,4,11,0,0,0,5c02fc262e768,-2,0,A1SCGJ3NGODIQC,0,3,5,,0,4,2,0,0,0,0,0,0,2
0,0,0,-1,0,1,-1,0,0,0,-2,-1,0,-1,-2,0,0,0,0,0,0,1,,0,6,0,0,-2,0,5c0321bd5559c,-1,0,A2C84QVRK3KG57,0,0,1,0,0,6,0,-2,0,0,0,0,0,
0,0,0,-1,0,1,1.0,0,0,0,1,-1,0,-2,1,0,0,1,0,0,2,1,2,7,2,0,0,-2,0,5c02de6ce85cf,-2,0,ARDSERSWXY9I5,0,0,2,,1,4,0,-2,0,6,0,0,0,
0,0,0,0.25,0,1,-1,0,3,0,-2,-1,0,-2,-2,12,0,1,0,0,4,1,,0,3,9,0,0,0,5c02e42558439,-2,0,A1YSOP39IRJ4E9,0,3,3,,0,2,3,1,0,0,0,0,0,4
0,0,3,-1,0,1,1.0,0,0,0,1,-1,0,-2,1,0,0,1,0,0,5,1,2,4,1,0,0,-2,0,5c02e0782f061,-2,0,A1WR3WTEHJEY2D,0,0,5,,0,1,0,-2,0,4,0,3,0,
10,0,0,-1,0,1,-1,3,0,0,-2,1.0,0,1,-2,0,3,1,0,0,4,1,,0,2,0,8,-2,0,5c02de3bedf67,1,0,A2ETY1O927Z1IF,0,0,4,4,0,2,0,-2,0,0,0,0,2,
0,0,0,0.285714285714,0,1,-1,0,3,0,-2,-1,0,-2,-2,20,0,1,0,0,1,1,,0,2,18,0,0,0,5c02e0e45bd3f,-2,0,A1FYWSPNO7KN1O,0,3,5,,0,5,2,0,0,0,0,0,0,4
0,0,0,-1,0,1,1.0,0,0,0,1,-1,0,-2,1,0,0,1,0,0,4,1,1,8,1,0,0,-2,0,5c02e26c0ce43,-2,0,A35KO5LPASBFI9,0,0,5,,1,3,0,-2,0,7,0,0,0,
0,0,0,-1,0,1,-1,0,0,0,-2,-1,0,-1,-2,0,0,0,0,0,1,1,,0,3,0,0,-2,0,5c02e298cd206,-1,0,A1LYXRWT92IEI,0,0,1,1,0,5,0,-2,0,0,0,0,0,
0,0,0,1.0,0,1,-1,0,0,0,-2,-1,0,-2,-2,23,0,1,0,0,2,1,,0,4,21,0,1,0,5c02fbcb71580,-2,0,A3K1VA4NWYDQVI,0,0,5,,0,4,2,1,0,0,0,0,0,0
0,0,3,-1,0,1,1.0,0,0,0,1,-1,0,-2,1,0,0,1,0,0,2,1,1,7,5,0,0,-2,0,5c02f9b70e66b,-2,0,A3T3YSDLM605QL,0,0,2,,1,4,0,-2,0,6,0,3,0,
16,0,0,-1,0,1,-1,3,0,0,-2,1.0,0,1,-2,0,3,1,0,0,1,1,,0,3,0,14,-2,0,5c02df2141ac6,1,0,A2E3TO92MCQ9XU,0,0,5,0,0,1,0,-2,0,0,0,0,2,
0,0,3,-1,0,1,1.0,0,0,0,1,-1,0,-2,1,0,0,1,0,0,5,1,2,7,4,0,0,-2,0,5c02fe1aeb537,-2,0,A2D9Y1V7G5HLA2,0,0,4,,0,1,0,-2,0,7,0,3,0,
13,0,0,-1,0,1,-1,3,0,0,-2,1.0,0,1,-2,0,3,1,0,0,4,1,,0,3,0,12,-2,0,5c02e95223f73,1,0,A1TGV7LT6LTIQU,0,0,5,4,0,4,0,-2,0,0,0,0,1,
14,0,0,-1,0,1,-1,3,0,0,-2,1.0,0,1,-2,0,3,1,0,0,1,1,,0,4,0,12,-2,0,5c0305d54cd4d,1,0,A2NGMLBFZ3YQP5,0,0,6,1,0,6,0,-2,0,0,0,0,2,
0,0,0,-1,0,1,0.5,0,0,0,1,-1,0,-2,0,0,0,1,0,0,5,1,5,6,3,0,0,-2,0,5c03132a4790f,-2,0,A3B8DP6KHMP3OS,0,0,3,,1,1,0,-2,0,5,0,0,0,
0,0,3,-1,0,1,1.0,0,0,0,1,-1,0,-2,1,0,0,1,0,0,2,1,1,2,1,0,0,-2,0,5c02fae166e20,-2,0,A38OYYAB2HZ3WA,0,0,1,,0,3,0,-2,0,2,0,3,0,
0,0,0,0,0,1,-1,0,3,0,-2,-1,0,-2,-2,13,0,1,0,0,1,1,,0,5,12,0,0,0,5c02f7d0aff70,-2,0,A3E8SXH0BAYG85,0,3,5,,0,5,1,0,0,0,0,0,0,5
0,0,0,0.285714285714,0,1,-1,0,3,0,-2,-1,0,-2,-2,10,0,1,0,0,4,1,,0,3,9,0,0,0,5c02fde2055f8,-2,0,A2RQMEPIHW5BOS,0,3,4,,0,5,1,0,0,0,0,0,0,3
14,0,0,-1,0,1,-1,3,0,0,-2,1.0,0,1,-2,0,3,1,0,0,2,1,,0,5,0,12,-2,0,5c034586c760b,1,0,A3JQHC96GU2RMC,0,0,5,1,0,4,0,-2,0,0,0,0,2,
0,0,0,1.0,0,1,-1,0,3,0,-2,-1,0,-2,-2,13,0,1,0,0,4,1,,0,5,11,0,1,0,5c02de6d4d71a,-2,0,A2ENNT37OMKBW8,0,3,3,,0,2,2,1,0,0,0,0,0,1
15,0,0,-1,0,1,-1,0,0,0,-2,0.666666666667,0,1,-2,0,0,1,0,0,1,1,,0,5,0,13,-2,0,5c02de7b83465,0,0,A30AGR5KF8IEL,0,0,4,0,0,5,0,-2,0,0,0,0,2,
0,0,0,1.0,0,1,-1,0,3,0,-2,-1,0,-2,-2,14,0,1,0,0,4,1,,0,5,11,0,1,0,5c02f9ce06b38,-2,0,A2OEDX14YO8EFJ,0,3,5,,0,3,3,1,0,0,0,0,0,4
8,0,0,-1,0,1,-1,3,0,0,-2,1.0,0,1,-2,0,3,1,0,0,3,1,,0,2,0,7,-2,0,5c02de513a344,1,0,A3DFBZOOWRTQ5M,0,0,3,3,0,4,0,-2,0,0,0,0,1,
0,0,0,1.0,0,1,-1,0,3,0,-2,-1,0,-2,-2,15,0,1,0,0,2,1,,0,4,13,0,1,0,5c02f7a43a638,-2,0,A6VPBQLOBPRKD,0,3,4,,0,4,2,1,0,0,0,0,0,3
9,0,0,-1,0,1,-1,3,0,0,-2,1.0,0,1,-2,0,3,1,0,0,5,1,,0,1,0,8,-2,0,5c02e3e8e90e7,1,0,A3FGT6EU39C6S4,0,0,5,5,0,1,0,-2,0,0,0,0,1,
0,0,0,-1,0,1,-1,0,0,0,-1,-1,0,-2,-1,0,0,0,0,0,0,1,0,0,6,0,0,-2,0,5c02e6f97ae0a,-2,0,A1GV4C1B3VA7P4,0,0,6,,0,0,0,-2,0,0,0,0,0,
0,0,3,-1,0,1,1.0,0,0,0,1,-1,0,-2,1,0,0,1,0,0,4,1,5,6,1,0,0,-2,0,5c03018e3b36b,-2,0,A2W121DQXNQK1,0,0,5,,0,1,0,-2,0,6,0,3,0,
0,0,0,1.0,0,1,-1,0,3,0,-2,-1,0,-2,-2,18,0,1,0,0,4,1,,0,4,17,0,1,0,5c02e1b12d47c,-2,0,A2T11H7YI7QPGD,0,3,4,,0,1,1,1,0,0,0,0,0,2
0,0,3,-1,0,1,0,0,0,0,0,-1,0,-2,0,0,0,1,0,0,2,1,1,6,3,0,0,-2,0,5c02fac2ee758,-2,0,A13USF28TRFLKR,0,0,2,,1,4,0,-2,0,5,0,3,0,
14,0,0,-1,0,1,-1,3,0,0,-2,1.0,0,1,-2,0,3,1,0,0,4,1,,0,0,0,13,-2,0,5c03505d2102d,1,0,A167SYXGXFU7C8,0,0,4,5,0,5,0,-2,0,0,0,0,1,
0,0,3,-1,0,1,1.0,0,0,0,1,-1,0,-2,1,0,0,1,0,0,5,1,5,6,4,0,0,-2,0,5c031768a8eee,-2,0,A38OPVI04AH4JG,0,0,5,,1,4,0,-2,0,5,0,3,0,
0,0,0,-1,0,1,-1,0,0,0,-2,-1,0,-2,-2,0,0,0,0,0,3,1,,0,4,0,0,-1,0,5c02e8354538e,-2,0,AM59KUDDHDH5,0,0,4,,0,5,0,-1,0,0,0,0,0,3
0,0,0,0.285714285714,0,1,-1,0,3,0,-2,-1,0,-2,-2,14,0,1,0,0,1,1,,0,4,12,0,0,0,5c02fa89d4db1,-2,0,ACGZDI611LU0I,0,3,5,,0,2,2,0,0,0,0,0,0,2
8,0,0,-1,0,1,-1,3,0,0,-2,1.0,0,1,-2,0,3,1,0,0,4,1,,0,6,0,7,-2,0,5c02e0014d977,1,0,A1ICWR931J4062,0,0,5,5,0,6,0,-2,0,0,0,0,1,
9,0,0,-1,0,1,-1,0,0,0,-2,0,0,0,-2,0,0,1,0,0,4,1,,0,1,0,8,-2,0,5c02def71903d,0,0,AAIQLE701DI9U,0,0,5,3,0,3,0,-2,0,0,0,0,1,
8,0,0,-1,0,1,-1,3,0,0,-2,1.0,0,1,-2,0,3,1,0,0,4,1,,0,2,0,7,-2,0,5c0345e1d377e,1,0,A29RTM0C6FDCYW,0,0,5,2,0,2,0,-2,0,0,0,0,1,
